year,series_id,return_decimal
1928,usStocks,0.438111551529
1929,usStocks,-0.082979466119
1930,usStocks,-0.251236363636
1931,usStocks,-0.438375488918
1932,usStocks,-0.086423645320
1933,usStocks,0.499822254335
1934,usStocks,-0.011885656971
1935,usStocks,0.467404210526
1936,usStocks,0.319434102755
1937,usStocks,-0.353367287544
1938,usStocks,0.292826540284
1939,usStocks,-0.010975646880
1940,usStocks,-0.106728731942
1941,usStocks,-0.127714555766
1942,usStocks,0.191737629459
1943,usStocks,0.250613101331
1944,usStocks,0.190306769494
1945,usStocks,0.358210843373
1946,usStocks,-0.084291474654
1947,usStocks,0.052000000000
1948,usStocks,0.057045751634
1949,usStocks,0.183032236842
1950,usStocks,0.308055390113
1951,usStocks,0.236784630445
1952,usStocks,0.181509886411
1953,usStocks,-0.012082047422
1954,usStocks,0.525633212414
1955,usStocks,0.325973318510
1956,usStocks,0.074395118734
1957,usStocks,-0.104573601886
1958,usStocks,0.437199549887
1959,usStocks,0.120564571636
1960,usStocks,0.003365353147
1961,usStocks,0.266377129582
1962,usStocks,-0.088114605171
1963,usStocks,0.226119270998
1964,usStocks,0.164154558784
1965,usStocks,0.123992424779
1966,usStocks,-0.099709542356
1967,usStocks,0.238029665131
1968,usStocks,0.108148626516
1969,usStocks,-0.082413710764
1970,usStocks,0.035611449055
1971,usStocks,0.142211502984
1972,usStocks,0.187553629151
1973,usStocks,-0.143080474375
1974,usStocks,-0.259017857509
1975,usStocks,0.369951371062
1976,usStocks,0.238309990021
1977,usStocks,-0.069797040759
1978,usStocks,0.065092839117
1979,usStocks,0.185194901675
1980,usStocks,0.317352455068
1981,usStocks,-0.047023902475
1982,usStocks,0.204190550796
1983,usStocks,0.223371558589
1984,usStocks,0.061461419996
1985,usStocks,0.312351494858
1986,usStocks,0.184945787580
1987,usStocks,0.058127216418
1988,usStocks,0.165371928120
1989,usStocks,0.314751836382
1990,usStocks,-0.030644516129
1991,usStocks,0.302348431349
1992,usStocks,0.074937279724
1993,usStocks,0.099670514792
1994,usStocks,0.013259206775
1995,usStocks,0.371951989026
1996,usStocks,0.226809660189
1997,usStocks,0.331036531037
1998,usStocks,0.283379532784
1999,usStocks,0.208853509921
2000,usStocks,-0.090318189552
2001,usStocks,-0.118497591420
2002,usStocks,-0.219660479579
2003,usStocks,0.283558000500
2004,usStocks,0.107427759441
2005,usStocks,0.048344775233
2006,usStocks,0.156125579793
2007,usStocks,0.054847352464
2008,usStocks,-0.365523441118
2009,usStocks,0.259352338777
2010,usStocks,0.148210922787
2011,usStocks,0.020983747336
2012,usStocks,0.158905852417
2013,usStocks,0.321450858581
2014,usStocks,0.135244216495
2015,usStocks,0.013788916412
2016,usStocks,0.117730808748
2017,usStocks,0.216054814345
2018,usStocks,-0.042268692891
2019,usStocks,0.312116799968
2020,usStocks,0.180232018274
2021,usStocks,0.284688517520
2022,usStocks,-0.180375059272
2023,usStocks,0.260606849850
2024,usStocks,0.248786112625
2025,usStocks,0.177236582376
1928,usBonds,0.008354708590
1929,usBonds,0.042038041563
1930,usBonds,0.045409314349
1931,usBonds,-0.025588559619
1932,usBonds,0.087903069905
1933,usBonds,0.018552720892
1934,usBonds,0.079634426180
1935,usBonds,0.044720477297
1936,usBonds,0.050178754045
1937,usBonds,0.013791460596
1938,usBonds,0.042132485322
1939,usBonds,0.044122613942
1940,usBonds,0.054024815963
1941,usBonds,-0.020221975849
1942,usBonds,0.022948682374
1943,usBonds,0.024900000000
1944,usBonds,0.025776111579
1945,usBonds,0.038044173419
1946,usBonds,0.031283745376
1947,usBonds,0.009196968063
1948,usBonds,0.019510369413
1949,usBonds,0.046634851828
1950,usBonds,0.004295957417
1951,usBonds,-0.002953139221
1952,usBonds,0.022679961918
1953,usBonds,0.041438402589
1954,usBonds,0.032898034558
1955,usBonds,-0.013364391289
1956,usBonds,-0.022557738173
1957,usBonds,0.067970128466
1958,usBonds,-0.020990181755
1959,usBonds,-0.026466312591
1960,usBonds,0.116395036910
1961,usBonds,0.020609208076
1962,usBonds,0.056935440540
1963,usBonds,0.016841620740
1964,usBonds,0.037280648912
1965,usBonds,0.007188550936
1966,usBonds,0.029079409324
1967,usBonds,-0.015806209933
1968,usBonds,0.032746196951
1969,usBonds,-0.050140493210
1970,usBonds,0.167547371834
1971,usBonds,0.097868966197
1972,usBonds,0.028184490504
1973,usBonds,0.036586646024
1974,usBonds,0.019886086932
1975,usBonds,0.036052536026
1976,usBonds,0.159845607429
1977,usBonds,0.012899606071
1978,usBonds,-0.007775806908
1979,usBonds,0.006707203125
1980,usBonds,-0.029897442520
1981,usBonds,0.081992153359
1982,usBonds,0.328145494863
1983,usBonds,0.032002094451
1984,usBonds,0.137333643441
1985,usBonds,0.257124882126
1986,usBonds,0.242842151418
1987,usBonds,-0.049605089379
1988,usBonds,0.082235958435
1989,usBonds,0.176936471594
1990,usBonds,0.062353753336
1991,usBonds,0.150045100195
1992,usBonds,0.093616373162
1993,usBonds,0.142109575893
1994,usBonds,-0.080366555510
1995,usBonds,0.234807801125
1996,usBonds,0.014286077934
1997,usBonds,0.099391302730
1998,usBonds,0.149214319226
1999,usBonds,-0.082542147963
2000,usBonds,0.166552671254
2001,usBonds,0.055721811892
2002,usBonds,0.151164003781
2003,usBonds,0.003753185882
2004,usBonds,0.044906837023
2005,usBonds,0.028675329598
2006,usBonds,0.019610012418
2007,usBonds,0.102099219300
2008,usBonds,0.201012799270
2009,usBonds,-0.111166953133
2010,usBonds,0.084629338804
2011,usBonds,0.160353349995
2012,usBonds,0.029715719780
2013,usBonds,-0.091045687943
2014,usBonds,0.107461804520
2015,usBonds,0.012842996710
2016,usBonds,0.006905504699
2017,usBonds,0.028017162708
2018,usBonds,-0.000166923857
2019,usBonds,0.096356307415
2020,usBonds,0.113318976466
2021,usBonds,-0.044160344486
2022,usBonds,-0.178281715383
2023,usBonds,0.038800000000
2024,usBonds,-0.016371801437
2025,usBonds,0.077954808708
1991,international,0.094500000000
1992,international,-0.153700000000
1993,international,0.301900000000
1994,international,0.100000000000
1995,international,0.084200000000
1996,international,0.058600000000
1997,international,-0.004900000000
1998,international,0.168000000000
1999,international,0.366400000000
2000,international,-0.164400000000
2001,international,-0.211100000000
2002,international,-0.119700000000
2003,international,0.439100000000
2004,international,0.226900000000
2005,international,0.168000000000
2006,international,0.255200000000
2007,international,0.130200000000
2008,international,-0.428000000000
2009,international,0.335400000000
2010,international,0.118900000000
2011,international,-0.126000000000
2012,international,0.172900000000
2013,international,0.230200000000
2014,international,-0.045200000000
2015,international,-0.007600000000
2016,international,0.032900000000
2017,international,0.271200000000
2018,international,-0.140000000000
2019,international,0.218800000000
2020,international,0.106000000000
2021,international,0.121500000000
2022,international,-0.150400000000
2023,international,0.160600000000
2024,international,0.035900000000
2025,international,0.319200000000
1928,cash,0.030800000000
1929,cash,0.031600000000
1930,cash,0.045500000000
1931,cash,0.023100000000
1932,cash,0.010700000000
1933,cash,0.009600000000
1934,cash,0.002783333333
1935,cash,0.001675000000
1936,cash,0.001725000000
1937,cash,0.002758333333
1938,cash,0.000650000000
1939,cash,0.000458333333
1940,cash,0.000358333333
1941,cash,0.001291666667
1942,cash,0.003425000000
1943,cash,0.003800000000
1944,cash,0.003800000000
1945,cash,0.003800000000
1946,cash,0.003800000000
1947,cash,0.006008333333
1948,cash,0.010450000000
1949,cash,0.011150000000
1950,cash,0.012033333333
1951,cash,0.015175000000
1952,cash,0.017225000000
1953,cash,0.018908333333
1954,cash,0.009375200000
1955,cash,0.017243426295
1956,cash,0.026213888889
1957,cash,0.032245669291
1958,cash,0.017665461847
1959,cash,0.033860159363
1960,cash,0.028729718876
1961,cash,0.023524899598
1962,cash,0.027723694779
1963,cash,0.031560240964
1964,cash,0.035457370518
1965,cash,0.039490763052
1966,cash,0.048557200000
1967,cash,0.042934538153
1968,cash,0.053376000000
1969,cash,0.066684677419
1970,cash,0.063910000000
1971,cash,0.043342570281
1972,cash,0.040618400000
1973,cash,0.070354435484
1974,cash,0.078457831325
1975,cash,0.057863855422
1976,cash,0.049766000000
1977,cash,0.052609638554
1978,cash,0.071783064516
1979,cash,0.100542741935
1980,cash,0.113918800000
1981,cash,0.140361847390
1982,cash,0.110900000000
1983,cash,0.089500000000
1984,cash,0.099200000000
1985,cash,0.077200000000
1986,cash,0.061500000000
1987,cash,0.059600000000
1988,cash,0.068900000000
1989,cash,0.083900000000
1990,cash,0.077500000000
1991,cash,0.055400000000
1992,cash,0.035100000000
1993,cash,0.030700000000
1994,cash,0.043700000000
1995,cash,0.056600000000
1996,cash,0.051500000000
1997,cash,0.052000000000
1998,cash,0.049100000000
1999,cash,0.047800000000
2000,cash,0.060000000000
2001,cash,0.034800000000
2002,cash,0.016400000000
2003,cash,0.010300000000
2004,cash,0.014000000000
2005,cash,0.032200000000
2006,cash,0.048500000000
2007,cash,0.044800000000
2008,cash,0.014000000000
2009,cash,0.001500000000
2010,cash,0.001400000000
2011,cash,0.000500000000
2012,cash,0.000900000000
2013,cash,0.000600000000
2014,cash,0.000300000000
2015,cash,0.000500000000
2016,cash,0.003200000000
2017,cash,0.009500000000
2018,cash,0.019700000000
2019,cash,0.021100000000
2020,cash,0.003600000000
2021,cash,0.000400000000
2022,cash,0.020900000000
2023,cash,0.052800000000
2024,cash,0.051800000000
2025,cash,0.042100000000
1927,technology,0.434400000000
1928,technology,0.417700000000
1929,technology,0.002300000000
1930,technology,-0.264900000000
1931,technology,-0.431900000000
1932,technology,-0.235100000000
1933,technology,0.746600000000
1934,technology,0.295000000000
1935,technology,0.519600000000
1936,technology,0.240800000000
1937,technology,-0.249500000000
1938,technology,0.291200000000
1939,technology,-0.129900000000
1940,technology,-0.115800000000
1941,technology,0.012800000000
1942,technology,0.234800000000
1943,technology,0.223700000000
1944,technology,0.184500000000
1945,technology,0.353700000000
1946,technology,0.028500000000
1947,technology,0.034100000000
1948,technology,0.049800000000
1949,technology,0.296200000000
1950,technology,0.126200000000
1951,technology,0.185800000000
1952,technology,0.088800000000
1953,technology,0.089700000000
1954,technology,0.721200000000
1955,technology,0.212600000000
1956,technology,0.380000000000
1957,technology,0.127600000000
1958,technology,0.688700000000
1959,technology,0.303200000000
1960,technology,0.213300000000
1961,technology,0.315000000000
1962,technology,-0.268900000000
1963,technology,0.284300000000
1964,technology,0.029100000000
1965,technology,0.338800000000
1966,technology,0.082500000000
1967,technology,0.635800000000
1968,technology,-0.007000000000
1969,technology,0.042500000000
1970,technology,-0.206300000000
1971,technology,0.124100000000
1972,technology,0.184100000000
1973,technology,-0.231600000000
1974,technology,-0.343500000000
1975,technology,0.477300000000
1976,technology,0.300200000000
1977,technology,0.004200000000
1978,technology,0.154900000000
1979,technology,0.111600000000
1980,technology,0.318600000000
1981,technology,-0.139200000000
1982,technology,0.437900000000
1983,technology,0.232500000000
1984,technology,-0.076000000000
1985,technology,0.202500000000
1986,technology,-0.041900000000
1987,technology,0.070400000000
1988,technology,0.000100000000
1989,technology,-0.072800000000
1990,technology,-0.021300000000
1991,technology,0.154700000000
1992,technology,0.098900000000
1993,technology,0.254100000000
1994,technology,0.164300000000
1995,technology,0.423400000000
1996,technology,0.330600000000
1997,technology,0.188100000000
1998,technology,0.583500000000
1999,technology,0.862000000000
2000,technology,-0.295500000000
2001,technology,-0.365900000000
2002,technology,-0.415000000000
2003,technology,0.680100000000
2004,technology,-0.021800000000
2005,technology,0.047900000000
2006,technology,0.089500000000
2007,technology,0.159300000000
2008,technology,-0.441900000000
2009,technology,0.586900000000
2010,technology,0.178400000000
2011,technology,-0.024900000000
2012,technology,0.122700000000
2013,technology,0.269900000000
2014,technology,0.248800000000
2015,technology,-0.035100000000
2016,technology,0.177900000000
2017,technology,0.367500000000
2018,technology,-0.030700000000
2019,technology,0.523900000000
2020,technology,0.483300000000
2021,technology,0.383800000000
2022,technology,-0.267700000000
2023,technology,0.509900000000
2024,technology,0.481000000000
2025,technology,0.279800000000
1914,inflation,0.010000000000
1915,inflation,0.019802000000
1916,inflation,0.126213600000
1917,inflation,0.181034500000
1918,inflation,0.204379600000
1919,inflation,0.145454500000
1920,inflation,0.026455000000
1921,inflation,-0.108247400000
1922,inflation,-0.023121400000
1923,inflation,0.023668600000
1924,inflation,0.000000000000
1925,inflation,0.034682100000
1926,inflation,-0.011173200000
1927,inflation,-0.022598900000
1928,inflation,-0.011560700000
1929,inflation,0.005848000000
1930,inflation,-0.063953500000
1931,inflation,-0.093167700000
1932,inflation,-0.102739700000
1933,inflation,0.007633600000
1934,inflation,0.015151500000
1935,inflation,0.029850700000
1936,inflation,0.014492800000
1937,inflation,0.028571400000
1938,inflation,-0.027777800000
1939,inflation,0.000000000000
1940,inflation,0.007142900000
1941,inflation,0.099290800000
1942,inflation,0.090322600000
1943,inflation,0.029585800000
1944,inflation,0.022988500000
1945,inflation,0.022471900000
1946,inflation,0.181318700000
1947,inflation,0.088372100000
1948,inflation,0.029914500000
1949,inflation,-0.020746900000
1950,inflation,0.059322000000
1951,inflation,0.060000000000
1952,inflation,0.007547200000
1953,inflation,0.007490600000
1954,inflation,-0.007434900000
1955,inflation,0.003745300000
1956,inflation,0.029850700000
1957,inflation,0.028985500000
1958,inflation,0.017605600000
1959,inflation,0.017301000000
1960,inflation,0.013605400000
1961,inflation,0.006711400000
1962,inflation,0.013333300000
1963,inflation,0.016447400000
1964,inflation,0.009708700000
1965,inflation,0.019230800000
1966,inflation,0.034591200000
1967,inflation,0.030395100000
1968,inflation,0.047197600000
1969,inflation,0.061971800000
1970,inflation,0.055702900000
1971,inflation,0.032663300000
1972,inflation,0.034063300000
1973,inflation,0.087058800000
1974,inflation,0.123376600000
1975,inflation,0.069364200000
1976,inflation,0.048648600000
1977,inflation,0.067010300000
1978,inflation,0.090177100000
1979,inflation,0.132939400000
1980,inflation,0.125163000000
1981,inflation,0.089223600000
1982,inflation,0.038297900000
1983,inflation,0.037909800000
1984,inflation,0.039486700000
1985,inflation,0.037986700000
1986,inflation,0.010979000000
1987,inflation,0.044343900000
1988,inflation,0.044194100000
1989,inflation,0.046473000000
1990,inflation,0.061062600000
1991,inflation,0.030642800000
1992,inflation,0.029006500000
1993,inflation,0.027484100000
1994,inflation,0.026749000000
1995,inflation,0.025384100000
1996,inflation,0.033224800000
1997,inflation,0.017024000000
1998,inflation,0.016119000000
1999,inflation,0.026845600000
2000,inflation,0.033868100000
2001,inflation,0.015517200000
2002,inflation,0.023769100000
2003,inflation,0.018794900000
2004,inflation,0.032555600000
2005,inflation,0.034156600000
2006,inflation,0.025406500000
2007,inflation,0.040812700000
2008,inflation,0.000914100000
2009,inflation,0.027213300000
2010,inflation,0.014957200000
2011,inflation,0.029624200000
2012,inflation,0.017410200000
2013,inflation,0.015017400000
2014,inflation,0.007564900000
2015,inflation,0.007295200000
2016,inflation,0.020746200000
2017,inflation,0.021090800000
2018,inflation,0.019101600000
2019,inflation,0.022851300000
2020,inflation,0.013620100000
2021,inflation,0.070364000000
2022,inflation,0.064544000000
2023,inflation,0.033521200000
2024,inflation,0.028880600000
2025,inflation,0.027350800000
